id,character_id,perk_id
yunha.sociable,yunha,sociable
yunha.empathetic,yunha,empathetic
yunha.well_connected,yunha,well_connected
yunha.weak_boundaries,yunha,weak_boundaries
seojin.reserved,seojin,reserved
seojin.meticulous,seojin,meticulous
seojin.responsible,seojin,responsible
seojin.cautious,seojin,cautious
taeo.sociable,taeo,sociable
taeo.improviser,taeo,improviser
taeo.competitive,taeo,competitive
taeo.curious,taeo,curious
narin.reserved,narin,reserved
narin.curious,narin,curious
narin.meticulous,narin,meticulous
narin.night_owl,narin,night_owl
doyun.empathetic,doyun,empathetic
doyun.responsible,doyun,responsible
doyun.weak_boundaries,doyun,weak_boundaries
doyun.cautious,doyun,cautious



















































































































































































































































































































































































































































































































































































































































































































































































































































































































































































































