"id","group","position","text_tid"
"Names.0","Names","0","office.names.0"
"Names.1","Names","1","office.names.1"
"Names.2","Names","2","office.names.2"
"Roles.0","Roles","0","office.roles.0"
"Roles.1","Roles","1","office.roles.1"
"Roles.2","Roles","2","office.roles.2"
"Titles.0","Titles","0","office.titles.0"
"Titles.1","Titles","1","office.titles.1"
"Titles.2","Titles","2","office.titles.2"
"Titles.3","Titles","3","office.titles.3"
"Titles.4","Titles","4","office.titles.4"
"Titles.5","Titles","5","office.titles.5"
"Titles.6","Titles","6","office.titles.6"
"Senders.0","Senders","0","office.senders.0"
"Senders.1","Senders","1","office.senders.1"
"Senders.2","Senders","2","office.senders.2"
"Senders.3","Senders","3","office.senders.3"
"Senders.4","Senders","4","office.senders.4"
"Senders.5","Senders","5","office.senders.5"
"Senders.6","Senders","6","office.senders.6"
"Bodies.0","Bodies","0","office.bodies.0"
"Bodies.1","Bodies","1","office.bodies.1"
"Bodies.2","Bodies","2","office.bodies.2"
"Bodies.3","Bodies","3","office.bodies.3"
"Bodies.4","Bodies","4","office.bodies.4"
"Bodies.5","Bodies","5","office.bodies.5"
"Bodies.6","Bodies","6","office.bodies.6"
"Options.0","Options","0","office.options.0"
"Options.1","Options","1","office.options.1"
"Options.2","Options","2","office.options.2"
"Options.3","Options","3","office.options.3"
"Options.4","Options","4","office.options.4"
"Options.5","Options","5","office.options.5"
"Options.6","Options","6","office.options.6"
"Options.7","Options","7","office.options.7"
"Options.8","Options","8","office.options.8"
"Options.9","Options","9","office.options.9"
"Options.10","Options","10","office.options.10"
"Options.11","Options","11","office.options.11"
"Options.12","Options","12","office.options.12"
"Options.13","Options","13","office.options.13"
"Reasons.0","Reasons","0","office.reasons.0"
"Reasons.1","Reasons","1","office.reasons.1"
"Reasons.2","Reasons","2","office.reasons.2"
"Reasons.3","Reasons","3","office.reasons.3"
"Reasons.4","Reasons","4","office.reasons.4"
"Reasons.5","Reasons","5","office.reasons.5"
"Reasons.6","Reasons","6","office.reasons.6"
"Reasons.7","Reasons","7","office.reasons.7"
"Reasons.8","Reasons","8","office.reasons.8"
"Reasons.9","Reasons","9","office.reasons.9"
"Reasons.10","Reasons","10","office.reasons.10"
"Reasons.11","Reasons","11","office.reasons.11"
"Reasons.12","Reasons","12","office.reasons.12"
"Reasons.13","Reasons","13","office.reasons.13"
"Results.0","Results","0","office.results.0"
"Results.1","Results","1","office.results.1"
"Results.2","Results","2","office.results.2"
"Results.3","Results","3","office.results.3"
"Results.4","Results","4","office.results.4"
"Results.5","Results","5","office.results.5"
"Results.6","Results","6","office.results.6"
"Results.7","Results","7","office.results.7"
"Results.8","Results","8","office.results.8"
"Results.9","Results","9","office.results.9"
"Results.10","Results","10","office.results.10"
"Results.11","Results","11","office.results.11"
"Results.12","Results","12","office.results.12"
"Results.13","Results","13","office.results.13"
