"id","perk_id","target","tags_all","operation","value"
"sociable.1","sociable","event_probability","social;friends","multiply","1.5"
"sociable.2","sociable","task_success","affinity","add","15"
"reserved.1","reserved","event_probability","strangers","multiply","0.6"
"reserved.2","reserved","task_success","strangers","add","-10"
"reserved.3","reserved","task_success","familiar","add","10"
"empathetic.1","empathetic","event_probability","consultation","multiply","1.5"
"empathetic.2","empathetic","task_success","consultation","add","15"
"empathetic.3","empathetic","task_success","hard_bargain","add","-10"
"meticulous.1","meticulous","event_probability","error_discovery","multiply","1.5"
"meticulous.2","meticulous","task_success","precision","add","15"
"meticulous.3","meticulous","task_duration","","multiply","1.2"
"improviser.1","improviser","event_probability","urgent_request","multiply","1.4"
"improviser.2","improviser","task_success","response","add","15"
"improviser.3","improviser","task_success","routine","add","-10"
"responsible.1","responsible","event_probability","cover_request","multiply","1.4"
"responsible.2","responsible","task_success","commitment","add","10"
"responsible.3","responsible","failure_stress","","add","5"
"curious.1","curious","event_probability","new_activity","multiply","1.5"
"curious.2","curious","task_success","inquiry","add","15"
"curious.3","curious","task_success","routine","add","-5"
"competitive.1","competitive","event_probability","contest","multiply","1.5"
"competitive.2","competitive","task_success","competition","add","15"
"competitive.3","competitive","failure_stress","competition","add","10"
"cautious.1","cautious","event_probability","risky_opportunity","multiply","0.7"
"cautious.2","cautious","task_success","safety","add","15"
"cautious.3","cautious","task_success","snap_decision","add","-10"
"night_owl.1","night_owl","event_probability","late_activity","multiply","1.5"
"night_owl.2","night_owl","task_success","night","add","10"
"night_owl.3","night_owl","task_success","morning","add","-10"
"well_connected.1","well_connected","event_probability","introduction","multiply","1.5"
"well_connected.2","well_connected","task_success","networking","add","10"
"weak_boundaries.1","weak_boundaries","event_probability","request","multiply","1.5"
"weak_boundaries.2","weak_boundaries","acceptance_stress","request","add","5"
