"tid","ko","en"
"perk.sociable.name","사교적","Sociable"
"perk.sociable.description","친구 모임 ×1.5, 친화 작업 +15%p","Friend gatherings x1.5; affinity tasks +15 pp"
"perk.reserved.name","낯가림","Reserved"
"perk.reserved.description","낯선 만남 ×0.6, 낯선 상대 -10%p, 익숙한 상대 +10%p","New encounters x0.6; strangers -10 pp; familiar people +10 pp"
"perk.empathetic.name","공감 능력","Empathetic"
"perk.empathetic.description","상담 요청 ×1.5, 상담 +15%p, 강경 협상 -10%p","Advice requests x1.5; counseling +15 pp; hard bargaining -10 pp"
"perk.meticulous.name","꼼꼼함","Meticulous"
"perk.meticulous.description","오류 발견 ×1.5, 정밀 작업 +15%p, 작업 시간 +20%","Error discovery x1.5; precision +15 pp; duration +20%"
"perk.improviser.name","임기응변","Improviser"
"perk.improviser.description","돌발 지원 요청 ×1.4, 돌발 대응 +15%p, 반복 작업 -10%p","Urgent requests x1.4; response +15 pp; routine tasks -10 pp"
"perk.responsible.name","책임감","Responsible"
"perk.responsible.description","대타 요청 ×1.4, 약속 이행 +10%p, 실패 스트레스 +5","Cover requests x1.4; commitments +10 pp; failure stress +5"
"perk.curious.name","호기심","Curious"
"perk.curious.description","새 활동 발견 ×1.5, 탐구 +15%p, 반복 작업 -5%p","New activities x1.5; inquiry +15 pp; routine tasks -5 pp"
"perk.competitive.name","승부욕","Competitive"
"perk.competitive.description","경쟁 제안 ×1.5, 경쟁 +15%p, 패배 스트레스 +10","Contest offers x1.5; competition +15 pp; defeat stress +10"
"perk.cautious.name","신중함","Cautious"
"perk.cautious.description","위험한 기회 ×0.7, 안전 점검 +15%p, 즉흥 결정 -10%p","Risky opportunities x0.7; safety checks +15 pp; snap decisions -10 pp"
"perk.night_owl.name","야행성","Night Owl"
"perk.night_owl.description","심야 활동 ×1.5, 밤 +10%p, 아침 -10%p","Late activities x1.5; night +10 pp; morning -10 pp"
"perk.well_connected.name","넓은 인맥","Well Connected"
"perk.well_connected.description","지인 소개 ×1.5, 인맥 활용 +10%p","Introductions x1.5; networking +10 pp"
"perk.weak_boundaries.name","거절이 어려움","Difficulty Saying No"
"perk.weak_boundaries.description","부탁 요청 ×1.5, 부탁 수락 스트레스 +5","Requests x1.5; accepting a request adds 5 stress"
"character.yunha.name","윤하","Yunha"
"character.seojin.name","서진","Seojin"
"character.taeo.name","태오","Taeo"
"character.narin.name","나린","Narin"
"character.doyun.name","도윤","Doyun"
"task.listen_to_friend.name","친구의 이야기 들어주기","Listen to a Friend"
"task.cover_shift.name","동료 대타 근무","Cover a Shift"
"task.repair_equipment.name","설비 복구","Repair Equipment"
"task.try_workshop.name","체험 수업 참여","Try a Workshop"
"task.enter_contest.name","작은 대회 참가","Enter a Contest"
"event.friend_invitation.name","친구의 모임 초대","A Friend Invites You"
"event.friend_consultation.name","친구의 고민 상담","A Friend Needs Advice"
"event.shift_request.name","동료의 대타 부탁","A Colleague Needs Cover"
"event.equipment_failure.name","갑작스러운 설비 고장","Equipment Failure"
"event.new_workshop.name","새로운 체험 수업 발견","Discover a Workshop"
"event.contest_offer.name","작은 대회 참가 제안","A Contest Invitation"
"office.names.0","하나","Hana"
"office.names.1","소리","Sori"
"office.names.2","유나","Yuna"
"office.roles.0","예의는 지킨다. 업무 범위와 실적은 따진다.","Polite. Particular about scope and credit."
"office.roles.1","기력이 낮다. 필요한 말만 하고 연락을 줄이려 한다.","Low energy. Says little and wants fewer check-ins."
"office.roles.2","갸루 말투, 거리감 없는 부탁. 규정에는 자주 반발한다.","Gyaru style, familiar requests. Often pushes against rules."
"office.titles.0","학교 발표 / 조사 실적은 별도 처리","School presentation / Separate investigation credit"
"office.titles.1","결석 연락 두 줄 / 상태는 미확인","Two-line absence notice / Condition unconfirmed"
"office.titles.2","사진은 왔고, 필수 항목은 비었다","Photos received, required fields blank"
"office.titles.3","안전선은 협상 대상이 아니다","The safety boundary is not negotiable"
"office.titles.4","졸업 준비 / 인계는 어디까지","Graduation planning / Limits on handover"
"office.titles.5","사건은 끝났다. 후속 업무는 남았다","Incident closed. Follow-up work remains."
"office.titles.6","주간 마감 / 합의한 것과 남은 것","Weekly close / Agreements and open items"
"office.senders.0","하나 · 일정 변경 요청","Hana / Schedule change request"
"office.senders.1","소리 · 결석 연락","Sori / Absence notice"
"office.senders.2","협력 담당 · 접수 검토 / 유나 메시지 첨부","Liaison / Intake review with Yuna's message"
"office.senders.3","현장 담당 · 상황 보고 / 유나 요청 첨부","Field coordinator / Report with Yuna's request"
"office.senders.4","유나 · 졸업 준비 요청","Yuna / Graduation planning request"
"office.senders.5","사무소 · 후속 업무 / 학생 회신","Office / Follow-up work and student replies"
"office.senders.6","사무소 · 주간 미결 항목","Office / Weekly open items"
"office.bodies.0","하나: 안녕하세요. 오늘 오후 발표는 변경할 수 없습니다. 조사는 방과 후로 옮겨주세요. 다른 기관이 하면 제 활동 실적은 어떻게 되나요? 제 일정 때문에 생긴 공백으로 기록되는 건 곤란합니다.
접수 메모: 수업은 유지. 조사 담당과 실적 처리 기준을 함께 회신할 것.","Hana: Hello. My presentation this afternoon cannot move. Please schedule the investigation after class. If an agency takes over, what happens to my activity credit? I do not want this recorded as a gap I caused.
Intake note: Keep school time. Reply with the investigator and credit rules."
"office.bodies.1","소리: 오늘 못 가요. 그냥 아무것도 하기 싫어요. 이유도 길게는 못 쓰겠어요.
접수 메모: 현장 배정 보류. 기력 저하는 본인 표현이며 상태·원인은 미확인. 휴식 처리 또는 동의한 상담 접수를 결정한다. 답장이 짧다는 이유로 꾀병으로 분류하지 않는다.","Sori: Can't come today. I don't feel like doing anything. Can't write a long explanation either.
Intake note: Hold field assignment. Low energy is self-reported; condition and cause are unconfirmed. Arrange rest or counseling with consent. A short reply is not evidence of faking."
"office.bodies.2","유나: 담당님~ 사진 보냈잖아. 위치랑 시간도 또 쓰라고? 나 길 알아. 그냥 가면 안 됨?
접수 검토: 사진만으로 관측 지점·복귀 시각을 확정할 수 없음. 주민 접근은 제한 중. 유나와 서류를 보완하거나 전문기관 지원을 먼저 요청해야 한다.","Yuna: Heeey, I sent the pics. You need the location and time too? I know the way. Can't I just go?
Intake review: Photos do not establish the observation point or return time. Public access is restricted. Complete the record with Yuna or request specialists first."
"office.bodies.3","현장 담당: 안전선 밖에서 반응 증가. 전문 대응팀 대기 중. 학생의 경계 안쪽 진입은 승인하지 않음.
유나: 저 앞까지만 보면 되는데? 나 진짜 금방 갔다 온다니까. 여기서 안내만 하라고?
처리 요청: 안전선 밖 안내만 맡길지, 학생 현장 업무를 종료하고 기관에 전부 넘길지 결정.","Field coordinator: Activity increased beyond the boundary. Specialists are on standby. Student entry is not authorized.
Yuna: It's right there. I'll be back in a second. You want me to just stand here giving directions?
Decision: Assign guidance outside the boundary or end student field duties and hand everything to the agency."
"office.bodies.4","유나: 다음 주 진로 체험 예약했어. 그 시간은 빼줘. 인계는 한 장까진 쓸게. 근데 후배 멘토도 내가 한다고 적진 마. 아직 한다고 안 했잖아.
접수 메모: 졸업 확정 아님. 오늘 확보할 시간은 진로 탐색 또는 본인이 동의한 인계 정리 중 하나. 남은 항목은 다음 일정으로 넘긴다.","Yuna: Booked a career trial for next week. Keep that slot clear. I'll write one page for handover. But don't put me down as a junior mentor. I never agreed to that.
Intake note: Graduation is not confirmed. Use today's slot for exploration or the handover she agreed to. Carry the other item forward."
"office.bodies.5","기관 보고: 하천 이상 반응 안정. 예방 점검과 연락망 정비는 모두 남아 있음.
하나: 다음 주 업무 범위는 문서로 부탁드립니다. 추가 업무까지 동의한 것은 아닙니다.
소리: 연락 여러 군데서 안 왔으면 좋겠어요. 답장하는 것도 힘들어요.
오늘은 기관 예방 점검 또는 연락 창구 정리 중 하나를 우선 처리한다.","Agency report: Riverside activity has stabilized. Preventive checks and contact coordination both remain.
Hana: Please send next week's scope in writing. I have not agreed to additional duties.
Sori: Can I stop getting messages from several people? Even replying is hard.
Prioritize agency checks or contact coordination today."
"office.bodies.6","하나: 다음 주 담당과 실적 기준, 확정된 내용만 보내주세요.
소리: 다음 주 괜찮아질지는 모르겠어요. 할 수 있는 만큼만 정하면 안 돼요?
유나: 할 건 적어줘. 나중에 슬쩍 더 붙이지 말고.
주간 마감: 안전 대응은 끝났지만 불만과 미결 업무는 남아 있다. 일정·범위를 확정하거나 지원 방식부터 재검토한다.","Hana: Send only confirmed assignments and credit rules for next week.
Sori: I don't know if I'll feel better next week. Can we only agree to what I can manage?
Yuna: Write down what you want done. No sneaking extra stuff in later.
Weekly close: Safety response is complete; complaints and open work remain. Confirm scope and dates or review support arrangements first."
"office.options.0","방과 후 조사 / 제출 시각 지정","After-school survey / Set submission time"
"office.options.1","기관 이관 / 하나 실적 제외","Agency takeover / No survey credit for Hana"
"office.options.2","휴식 처리 / 내일 상태 확인","Record rest / Check condition tomorrow"
"office.options.3","동의 확인 후 상담 접수","Obtain consent / Register counseling"
"office.options.4","유나와 준비 / 필수 서류 보완","Prepare with Yuna / Complete required fields"
"office.options.5","전문기관 지원 우선 요청","Request specialist support first"
"office.options.6","안전선 밖 관측·안내만 승인","Authorize observation and guidance outside boundary"
"office.options.7","학생 현장 업무 종료 / 기관 인계","End student field duties / Agency takeover"
"office.options.8","진로 탐색 시간 배정","Allocate career exploration time"
"office.options.9","동의한 인계 한 장 접수","Accept the agreed one-page handover"
"office.options.10","기관 예방 점검 우선","Prioritize agency preventive checks"
"office.options.11","학교·센터 연락 창구 정리","Coordinate school and center contacts"
"office.options.12","다음 주 일정·업무 범위 확정","Confirm next week's schedule and scope"
"office.options.13","지원 방식 재검토 / 일정 보류","Review support arrangements / Hold schedule"
"office.reasons.0","수업 후 안전 범위 내 조사. 담당자는 늦게 들어올 보고를 확인해야 하며 추가 업무는 별도 협의한다.","Survey within safe limits after class. Staff must review a late report; additional duties need a separate agreement."
"office.reasons.1","성인 기관이 조사한다. 하나의 수업은 유지되지만 수행하지 않은 조사를 실적으로 인정하지 않아 이의가 남을 수 있다.","Adult partners investigate. School time remains intact, but no credit is awarded for unperformed work; Hana may object."
"office.reasons.2","오늘 출동 제외. 상태 확인을 내일로 넘기므로 오늘은 추가 정보를 얻지 못한다.","No field work today. Checking tomorrow leaves today's condition uncertain."
"office.reasons.3","오늘 출동 제외. 상담 의사를 먼저 확인한다. 접수·연락 업무가 생기며 상담 예약은 회복 판정이 아니다.","No field work today. Ask consent first. Booking adds coordination work and is not proof of recovery."
"office.reasons.4","접근 한계·복귀 시각을 채운 뒤 준비한다. 유나의 현장 지식을 쓰는 대신 담당자가 보완을 확인해야 한다.","Complete limits and return time before preparing. Use Yuna's local knowledge, but staff must check the corrections."
"office.reasons.5","기관이 관측 자료를 정리한다. 학생 서류 보완보다 기관 회신을 기다리며, 유나의 참여 요구는 받아들이지 않는다.","The agency organizes observations. Wait for its reply rather than student corrections; Yuna's participation request is declined."
"office.reasons.6","경계 안쪽 진입은 불허. 학생은 안전선 밖 안내만 맡는다. 역할이 남는 대신 현장 담당의 감독이 필요하다.","No entry beyond the boundary. Student duties are limited to guidance outside it and require field supervision."
"office.reasons.7","전문기관이 대응과 주민 안내를 모두 맡는다. 학생 감독은 끝나지만 인계 연락과 유나의 항의가 남는다.","Specialists handle response and guidance. Student supervision ends, but handover coordination and Yuna's complaint remain."
"office.reasons.8","본인이 예약한 진로 탐색을 우선한다. 인계 자료는 미제출로 남고 다음 제출 일정을 잡아야 한다.","Prioritize her career exploration. Handover notes remain outstanding and need a later submission date."
"office.reasons.9","본인이 동의한 한 장만 받는다. 추가 자료·멘토 참여를 묶지 않으며 진로 탐색은 별도 일정으로 남는다.","Accept only the agreed page. Do not attach extra documentation or mentoring; career exploration needs a separate slot."
"office.reasons.10","성인 기관에 반복 위험 점검을 맡긴다. 오늘 점검은 끝내지만 연락 창구와 학생별 범위 확정은 남는다.","Ask adult partners to check recurring risks. Checks finish today, but contact coordination and individual scopes remain open."
"office.reasons.11","학교·센터의 담당 창구를 지정한다. 반복 연락은 줄이지만 현장 예방 점검은 별도로 잡아야 한다.","Assign school and center contacts. Reduce repeated messages, but schedule field prevention separately."
"office.reasons.12","학교·회복·진로 조건에 맞춰 확정 가능한 업무만 적는다. 불확실한 회복이나 추가 참여를 약속으로 쓰지 않는다.","Confirm only feasible duties around school, recovery and career plans. Do not promise recovery or additional participation."
"office.reasons.13","연락 빈도·지원 경로·동의 범위를 먼저 재검토한다. 다음 주 일정은 보류되어 추가 조율이 필요하다.","Review contact frequency, support routes and consent first. Next week's schedule remains pending and needs coordination."
"office.results.0","처리: 학교 발표 유지, 방과 후 조사 보고 접수. 담당자 마감 검토는 늦어졌다.
하나: 제출했습니다. 말씀하신 범위까지만 했어요. 추가 정리는 내일 업무로 부탁드립니다.","Processed: Presentation retained; after-school survey received. Staff review ran late.
Hana: Submitted. I did the agreed scope only. Please put extraediting work on tomorrow's list."
"office.results.1","처리: 기관 조사 보고 접수. 하나의 조사 실적은 미인정.
하나: 기준은 알겠습니다. 다만 제 일정 때문에 민폐를 끼친 것처럼 기록하지는 말아주세요.","Processed: Agency survey received. No survey credit awarded to Hana.
Hana: I understand the rule. Please do not record this as me inconveniencing everyone."
"office.results.2","처리: 하루 휴식, 현장 배정 제외. 내일 상태 확인 미결.
소리: 알겠어요. 오늘은 더 연락 안 해도 돼요? 쉬면 괜찮아질지는 모르겠고요.","Processed: One day of rest, no field assignment. Tomorrow's condition check remains open.
Sori: Okay. Can that be the last message today? I don't know if resting will help."
"office.results.3","처리: 소리 동의 후 센터 상담 예약. 현장 배정 제외, 상담 결과 미확인.
소리: 예약은 해주세요. 근데 가서 무슨 말 할지는 모르겠어요.","Processed: Counseling booked with Sori's consent. No field assignment; outcome unconfirmed.
Sori: Book it. I don't know what I'll say when I get there, though."
"office.results.4","처리: 유나가 위치·복귀 시각 보완. 관측 준비 완료, 담당자 재검토 발생.
유나: 아 진짜 칸 많네. 다 썼어. 내일 또 똑같은 거 쓰라는 건 아니지?","Processed: Yuna added the location and return time. Preparation complete after staff review.
Yuna: So many boxes. Done. You're not making me write the same thing tomorrow, right?"
"office.results.5","처리: 기관 지원 접수, 관측 자료 공유 완료. 유나의 준비 참여는 보류.
유나: 그래, 기관에서 한다며. 그럼 나한테 뒤늦게 자료 정리까지 시키진 마.","Processed: Agency support registered; observation data shared. Yuna's preparation role is on hold.
Yuna: Fine, the agency's doing it. Don't come back later asking me to sort their paperwork."
"office.results.6","처리: 전문팀이 이상 반응 안정화. 유나는 안전선 밖 안내 수행, 현장 담당 감독 종료.
유나: 안내만 하다 끝났네. 안쪽은 안 갔어. 됐지?","Processed: Specialists stabilized the activity. Yuna guided people outside the boundary; supervision ended.
Yuna: Spent the whole time giving directions. Didn't cross the line. Happy?"
"office.results.7","처리: 전문기관이 현장 인수·안정화. 유나 복귀, 관측 기록 보존.
유나: 복귀했어. 할 수 있다고 한 건데 아예 빼버리네. 납득한 건 아냐.","Processed: Specialists took over and stabilized the site. Yuna returned; observations preserved.
Yuna: I'm back. I said I could do it and you took me off completely. Doesn't mean I agree."
"office.results.8","처리: 진로 탐색 시간 확보. 인계 자료 미제출, 다음 일정 조율 필요.
유나: 체험 예약 확인했어. 그건 갈 거야. 멘토는 아직 대답 안 한 거고.","Processed: Career exploration time allocated. Handover remains outstanding; another slot is needed.
Yuna: Confirmed the trial booking. I'll go to that. Still haven't said yes to mentoring."
"office.results.9","처리: 동의한 한 장의 인계 자료 접수. 진로 일정·멘토 여부는 별도 미결.
유나: 헷갈리는 길이랑 연락 안 되는 구간 적었어. 한 장이라며. 더는 다음에 얘기해.","Processed: Agreed one-page handover received. Career scheduling and mentoring remain separate open items.
Yuna: Wrote down confusing turns and dead zones. You said one page. Ask me about anything else later."
"office.results.10","처리: 기관 예방 점검 완료. 연락 창구·개인별 업무 범위는 미결.
하나: 점검 완료와 제 담당 확정은 별개죠?
소리: 오늘도 연락이 여러 번 왔어요. 한 군데에서만 해주면 안 돼요?","Processed: Agency preventive checks complete. Contact coordination and individual scopes remain open.
Hana: Completed checks do not confirm my assignment, correct?
Sori: Got several messages again. Can it just be one contact?"
"office.results.11","처리: 학교·센터 연락 창구 정리. 현장 예방 점검 일정은 미결.
소리: 한 군데만 답하면 되는 건 알겠어요. 괜찮아졌다는 뜻은 아니에요.
하나: 제 업무 범위도 그 창구에서 서면으로 보내주세요.","Processed: School and center contacts coordinated. Field preventive checks remain unscheduled.
Sori: I get that I only reply to one person. Doesn't mean I'm better.
Hana: Please have that contact send my scope in writing too."
"office.results.12","주간 마감: 하나의 학교 시간·업무 범위, 소리의 상태 확인 시점, 유나의 진로 조율 항목을 기록. 이전 기록의 미결 업무는 다음 주로 이월.
하나: 적힌 범위로 알겠습니다.
소리: 상태 확인 답장은 할게요. 나머지는 아직 모르겠어요.
유나: 적힌 것만. 추가는 먼저 물어봐.","Weekly close: Recorded Hana's school time and scope, Sori's next condition check and Yuna's career coordination items. Earlier open items carry forward.
Hana: I'll follow the written scope.
Sori: I'll reply to the condition check. Don't know about the rest.
Yuna: What's written. Ask before adding anything."
"office.results.13","주간 마감: 연락 빈도·지원 경로·동의 범위 재검토. 다음 주 일정과 이전 미결 업무는 조율 대기.
하나: 확정되면 서면으로 주세요.
소리: 자세한 얘기는 아직 못 하겠어요.
유나: 멘토 확답은 빼둔 거지? 그럼 됐어.","Weekly close: Reviewed contact frequency, support routes and consent. Next week's dates and earlier open work await coordination.
Hana: Send it in writing when confirmed.
Sori: Still can't talk about it in detail.
Yuna: No promise to mentor in there, right? Okay then."
"settings.language.label","표시 언어","Display language"
"settings.language.ko","한국어","한국어"
"settings.language.en","English","English"
"settings.language.tid","tid","tid"
"choice.accept","수락","Accept"
"choice.decline","거절","Decline"
"office.ui.001","오늘의 업무","Today's work"
"office.ui.002","일정표","Calendar"
"office.ui.003","인물 기록","People"
"office.ui.004","지역 · 사건","Neighborhood"
"office.ui.005","메신저","Messenger"
"office.ui.006","활동 기록","Activity log"
"office.ui.007","설정","Settings"
"office.ui.008","저장을 확인해주세요","Please review your records"
"office.ui.009","업무일 시작","Workday started"
"office.ui.010","지원하지 않는 저장입니다. 설정에서 확인하세요.","This save is not supported. Check Settings."
"office.ui.011","오늘의 안건과 미결 항목을 확인하세요.","Review today's agenda and open items."
"office.ui.012","small office OS   /   마법소녀 사무소","small office OS / Magical Girl Office"
"office.ui.013","접수 · 조율 · 처리 · 이월","Intake / Coordinate / Process / Carry forward"
"office.ui.014","설정","Settings"
"office.ui.015","내 컴퓨터 · 알림과 화면","My computer / Notifications and display"
"office.ui.016","저장 오류 · 설정에서 확인","Save error / Check Settings"
"office.ui.017","자동 저장  ·  small office OS","Auto saved / small office OS"
"office.ui.018","계획 확정 · 하루 마무리","Confirm plan / End day"
"office.ui.019","화면·알림 설정","Display and notification settings"
"office.ui.020","아이콘을 눌러 앱을 엽니다. 제목줄을 드래그해 이동합니다.
모바일: 내용 드래그로 스크롤, 두 손가락으로 창 크기 조절.
모서리로도 크기를 조절할 수 있습니다.
최소화한 앱은 작업표시줄에서 복원합니다.","Click an icon to open an app. Drag the title bar to move it.
Mobile: swipe content to scroll; pinch to resize.
Window corners also resize.
Restore minimized apps from the taskbar."
"office.ui.021","아이콘 배경 이펙트  ON","Icon background effects ON"
"office.ui.022","아이콘 배경 이펙트  OFF","Icon background effects OFF"
"office.ui.023","빛·회전·반짝임을 새 안건과 선택한 아이콘 뒤에 표시합니다.","Display light, rotation and sparkles behind new agendas and selected icons."
"office.ui.024","전체화면 알림 보기","Preview full-screen notification"
"office.ui.025","우하단 알림 보기","Preview corner notification"
"office.ui.026","새 메시지 수신","New message received"
"office.ui.027","메신저에서 내용을 확인하세요.","Review the message in Messenger."
"office.ui.028","저장을 읽을 수 없어 원본을 보존했습니다. 다시 시작하려면 아래에서 초기화를 확인하세요.","The unreadable save has been preserved. Confirm a reset below to restart."
"office.ui.029","창 배치는 이번 접속 동안 유지됩니다.
7일 시나리오의 결정은 따로 저장됩니다.","Window layout lasts for this session.
Seven-day scenario decisions are saved separately."
"office.ui.030","7일 시나리오 다시 시작","Restart the seven-day scenario"
"office.ui.031","처음 화면으로 돌아가기","Return to the start screen"
"office.ui.032"," 열기 →"," Open →"
"office.ui.033","small office OS  /  중요한 알림","small office OS / Important notice"
"office.ui.034","처음부터 다시 시작할까요?","Start again from the beginning?"
"office.ui.035","오늘의 계획을 확정할까요?","Confirm today's plan?"
"office.ui.036","처리 기록 저장 완료","Processing record saved"
"office.ui.037","업무 알림","Office notification"
"office.ui.038","처리 결과 수신","Processing report received"
"office.ui.039","이 프로토타입의 7일 기록만 초기화됩니다.
기존 캠페인과 인물 기록에는 영향을 주지 않습니다.","Only this prototype's seven-day record will be reset.
Existing campaign and character records are unaffected."
"office.ui.040","

확정하면 오늘의 결정이 기록되고 하루가 진행됩니다.","

Confirm to record your decision and advance the day."
"office.ui.041","중요 결정은 확인 전까지 진행을 멈춥니다.
확인하면 열어둔 창으로 돌아갑니다.","Important decisions pause progression until confirmed.
Confirm to return to the open windows."
"office.ui.042","취소","Cancel"
"office.ui.043","확정","Confirm"
"office.ui.044","확인 · 바탕화면으로","Confirm / Back to desktop"
"office.ui.045","1일차 업무 시작","Day 1 work begins"
"office.ui.046","첫 안건이 접수됐습니다. 오늘의 업무를 여세요.","First agenda received. Open Today's work."
"office.ui.047","주간 마감","Weekly close"
"office.ui.048","새 메시지 수신","New message received"
"office.ui.049","오늘의 업무에서 주간 처리 결과를 확인하세요.","Review the weekly outcome in Today's work."
"office.ui.050","다음 안건과 후속 소식을 확인해주세요.","Check the next agenda and follow-up news."
"office.ui.051","고정 일정과 업무 충돌","Fixed schedules and work conflicts"
"office.ui.052","인물별 상태·요구·업무 범위","Individual conditions, requests and scope"
"office.ui.053","관할 지역과 사건 처리","Districts and incident handling"
"office.ui.054","요청·항의·회신","Requests, complaints and replies"
"office.ui.055","선택과 그 이후의 기록","Decisions and what followed"
"office.ui.056","오늘 처리할 안건","Today's processing queue"
"office.ui.057","응답할 안건  01     /     DAY ","Agenda awaiting response 01 / DAY "
"office.ui.058"," 마감"," deadline"
"office.ui.059","  ·  오늘 09:00"," / Today 09:00"
"office.ui.060","선택됨  ·  ","Selected / "
"office.ui.061","선택 저장","Choice saved"
"office.ui.062","계획을 확정하면 다음 날로 진행합니다.","Confirm the plan to advance to the next day."
"office.ui.063","확정 후 도착할 보고
","Report after confirmation
"
"office.ui.064","학교 발표 완료 · 조사 처리 기준 통보","Presentation complete / Survey handling rules sent"
"office.ui.065","학교 발표 고정 · 조사 담당 미정","School presentation fixed / Survey assignment pending"
"office.ui.066","휴식 처리 · 상태 재확인 대기","Rest recorded / Condition recheck pending"
"office.ui.067","동의 후 상담 예약 · 결과 미확인","Counseling booked with consent / Outcome unconfirmed"
"office.ui.068","기력 저하 본인 보고 · 출동 보류","Self-reported low energy / Field assignment held"
"office.ui.069","진로 탐색 시간 배정 · 인계 미결","Career exploration slot allocated / Handover open"
"office.ui.070","인계 한 장 접수 · 진로 일정 미결","One-page handover received / Career schedule open"
"office.ui.071","활동 지원 · 졸업·멘토 약속 없음","Activity support / No graduation or mentoring commitment"
"office.ui.072","확인된 상태  ·  DAY ","Verified status / DAY "
"office.ui.073","본인이 전한 이야기  ·  DAY ","Personal message / DAY "
"office.ui.074","아직 도착한 메시지가 없습니다. 당사자가 전하는 시점에 기록을 갱신합니다.","No message has arrived yet. Records update when the person shares their story."
"office.ui.075","업무상 참고 / ","Work reference / "
"office.ui.076","
개인 기록은 졸업 이후에도 같은 사람에게 남습니다.","
Personal records stay with the same person after graduation."
"office.ui.077","WEEK 01 / 일정 충돌 · 결석 · 서류 보완 · 현장 통제 · 인계 · 정산","WEEK 01 / Schedule conflict, absence, corrections, field limits, handover, close"
"office.ui.078","계획 · 당일 요청에 맞춰 조정","Plan / Adjust to the request on that day"
"office.ui.079","계획 미확정 · 오늘의 업무에서 응답","Plan pending / Respond in Today’s work"
"office.ui.080","01  학교","01 School"
"office.ui.081","02  하천 산책로","02 Riverside path"
"office.ui.082","03  지원센터","03 Support center"
"office.ui.083","하나의 발표는 고정 일정입니다. 조사 담당과 실적은 별도 처리합니다.","Hana's presentation is fixed. Process survey assignment and credit separately."
"office.ui.084","이상 반응 안정 · 후속 업무 일부 미결","Activity stabilized / Some follow-up work remains"
"office.ui.085","이상 반응 관측 · 주민 접근 제한","Unusual activity observed / Public access restricted"
"office.ui.086","동의한 상담을 접수하고 연락 창구를 조율합니다. 회복 여부는 별도 확인합니다.","Register agreed counseling and coordinate contacts. Recovery needs separate confirmation."
"office.ui.087","하천 사건   /   조사 → 준비 → 대응 → 후속 점검","Riverside incident / Investigate → Prepare → Respond → Follow up"
"office.ui.088","확인된 보고 · DAY ","Verified report / DAY "
"office.ui.089","주민 접근을 제한하고 관측 중입니다. 사건의 원인과 범위는 추가 확인이 필요합니다.","Public access is restricted while observations continue. The cause and extent need further investigation."
"office.ui.090","

대응 방침 / 안전 범위 초과 시 접근 중단. 전문기관과 연결하고, 주민 보호를 우선합니다.","

Response policy: Stop when safety limits are exceeded. Connect specialists and prioritize resident safety."
"office.ui.091","오늘의 대응 결정 보기 →","See today's response decision →"
"office.ui.092","접수 메시지와 처리 회신","Received messages and processing replies"
"office.ui.093","확정한 결정은 이곳에 남습니다","Confirmed decisions are recorded here"
"office.ui.094","오늘의 계획을 확정하면 첫 기록이 남습니다.","Confirm today's plan to create the first record."
"office.ui.095","7일 마감. 끝난 업무와 남은 사정.","Seven-day close. Finished work, unfinished situations."
"office.ui.096","하나는 범위를 따지고, 소리는 말을 아끼고, 유나는 여전히 불만이다.","Hana questions the scope, Sori says little, and Yuna is still dissatisfied."
"office.ui.097","

졸업·멘토 참여는 미확정입니다. 미결 항목은 다음 주로 이월합니다.","

Graduation and mentoring remain unconfirmed. Carry open items into next week."
"office.ui.098","한 주의 활동 기록 읽기 →","Read this week's activity log →"
"office.no_decision","아직 결정하지 않았습니다.","No decision has been made yet."
"office.wallpaper.magic","접수된 일부터,","Start with the queue,"
"office.wallpaper.everyday","하나씩 처리.","process one at a time."
"office.clock.header","WEEK 01     DAY {day}     ONLINE","WEEK 01     DAY {day}     ONLINE"
"office.clock.taskbar","DAY {day}  /  09:00","DAY {day}  /  09:00"
"office.day","DAY {day}","DAY {day}"
"office.agenda.deadline","응답할 안건  01     /     DAY {day} 마감","Agenda awaiting response 01 / DAY {day} deadline"
"office.agenda.sender","{sender}  ·  오늘 09:00","{sender} / Today 09:00"
"office.choice.selected","선택됨  ·  {choice}","Selected / {choice}"
"office.report.preview","확정 후 도착할 보고
{report}","Report after confirmation
{report}"
"office.person.heading","{name}  /  {role}","{name} / {role}"
"office.person.status_day","확인된 상태  ·  DAY {day}","Verified status / DAY {day}"
"office.person.message_day","본인이 전한 이야기  ·  DAY {day}","Personal message / DAY {day}"
"office.person.plan","업무상 참고 / {role}
성격 인상과 확인된 상태를 구별합니다. 추가 업무는 별도 협의합니다.","Work reference / {role}
Distinguish personality impressions from confirmed conditions. Agree on extra duties separately."
"office.district.report","확인된 보고 · DAY {day}

{report}

대응 방침 / 안전 범위 초과 시 접근 중단. 전문기관과 연결하고, 주민 보호를 우선합니다.","Verified report / DAY {day}

{report}

Response policy: Stop when safety limits are exceeded. Connect specialists and prioritize resident safety."
"office.journal.heading","DAY {day}  ·  {title}","DAY {day} / {title}"
"office.ending.person","{name}  /  {status}","{name} / {status}"
"office.ending.report","{report}

졸업·멘토 참여는 미확정입니다. 이전 기록의 미결 항목은 다음 주로 이월합니다.","{report}

Graduation and mentoring remain unconfirmed. Carry open items from earlier records into next week."
"office.confirm_day","{choice}

확정하면 오늘의 결정이 기록되고 하루가 진행됩니다.","{choice}

Confirm to record your decision and advance the day."
"office.window.title","{page}  /  {executable}","{page} / {executable}"
"office.toast.title","{title}","{title}"
"office.toast.open","{page} 열기 →","Open {page} →"
"office.executable.today","today.exe","today.exe"
"office.executable.calendar","calendar.exe","calendar.exe"
"office.executable.friends","friends.exe","friends.exe"
"office.executable.town","town.exe","town.exe"
"office.executable.letter","letter.exe","letter.exe"
"office.executable.diary","diary.exe","diary.exe"
"office.executable.settings","settings.exe","settings.exe"
